{
    "like_1":
    {
        "bboxes":
        [
            [
                0.34661458333333334,
                0.4638888888888889,
                0.1109375,
                0.32407407407407407
            ],
            [
                0.6630208333333333,
                0.749537037037037,
                0.14375,
                0.175
            ]
        ],
        "labels":
        [
            "like",
            "no_gesture"
        ]
    },
    "like_2":
    {
        "bboxes":
        [
            [
                0.6979166666666666,
                0.4527777777777778,
                0.10625,
                0.2796296296296296
            ]
        ],
        "labels":
        [
            "like"
        ]
    },
    "like_3":
    {
        "bboxes":
        [
            [
                0.5317708333333333,
                0.7462962962962963,
                0.12395833333333334,
                0.3333333333333333
            ]
        ],
        "labels":
        [
            "like"
        ]
    },
    "dislike_1":
    {
        "bboxes":
        [
            [
                0.3260416666666667,
                0.5148148148148148,
                0.11770833333333333,
                0.28888888888888886
            ]
        ],
        "labels":
        [
            "dislike"
        ]
    },
    "dislike_2":
    {
        "bboxes":
        [
            [
                0.6747395833333333,
                0.48194444444444445,
                0.1046875,
                0.28425925925925927
            ]
        ],
        "labels":
        [
            "dislike"
        ]
    },
    "dislike_3":
    {
        "bboxes":
        [
            [
                0.6028645833333334,
                0.6976851851851852,
                0.10885416666666667,
                0.2935185185185185
            ]
        ],
        "labels":
        [
            "dislike"
        ]
    },
    "rock_1":
    {
        "bboxes":
        [
            [
                0.3171875,
                0.45416666666666666,
                0.1375,
                0.2601851851851852
            ]
        ],
        "labels":
        [
            "rock"
        ]
    },
    "rock_2":
    {
        "bboxes":
        [
            [
                0.7578125,
                0.4185185185185185,
                0.15625,
                0.25555555555555554
            ]
        ],
        "labels":
        [
            "rock"
        ]
    },
    "rock_3":
    {
        "bboxes":
        [
            [
                0.7247395833333333,
                0.41388888888888886,
                0.1078125,
                0.22407407407407406
            ]
        ],
        "labels":
        [
            "rock"
        ]
    },
    "stop_1":
    {
        "bboxes":
        [
            [
                0.3260416666666667,
                0.5074074074074074,
                0.11458333333333333,
                0.29074074074074074
            ]
        ],
        "labels":
        [
            "stop"
        ]
    },
    "stop_2":
    {
        "bboxes":
        [
            [
                0.7166666666666667,
                0.524074074074074,
                0.11875,
                0.3074074074074074
            ]
        ],
        "labels":
        [
            "stop"
        ]
    },
    "stop_3":
    {
        "bboxes":
        [
            [
                0.7591145833333334,
                0.4898148148148148,
                0.17135416666666667,
                0.4648148148148148
            ]
        ],
        "labels":
        [
            "stop"
        ]
    },
    "peace_1":
    {
        "bboxes":
        [
            [
                0.23229166666666667,
                0.47314814814814815,
                0.08541666666666667,
                0.29814814814814816
            ]
        ],
        "labels":
        [
            "peace"
        ]
    },
    "peace_2":
    {
        "bboxes":
        [
            [
                0.37786458333333334,
                0.48518518518518516,
                0.10885416666666667,
                0.30925925925925923
            ]
        ],
        "labels":
        [
            "peace"
        ]
    },
    "peace_3":
    {
        "bboxes":
        [
            [
                0.7518229166666667,
                0.4638888888888889,
                0.11614583333333334,
                0.2759259259259259
            ]
        ],
        "labels":
        [
            "peace"
        ]
    }
}